{"IcoMoonType":"selection","icons":[{"icon":{"paths":["M0 0h1024v1024h-1024v-1024z","M768 512c0 141.385-114.615 256-256 256s-256-114.615-256-256c0-141.385 114.615-256 256-256s256 114.615 256 256z","M716.8 512c0 113.108-91.692 204.8-204.8 204.8s-204.8-91.692-204.8-204.8c0-113.108 91.692-204.8 204.8-204.8s204.8 91.692 204.8 204.8z"],"attrs":[{"fill":"rgb(255, 255, 255)"},{"fill":"rgb(0, 0, 0)"},{"fill":"rgb(255, 255, 255)"}],"isMulticolor":true,"isMulticolor2":false,"grid":0,"tags":["Circle"],"colorPermutations":{"119191912552552551":[{"f":2},{"f":0},{"f":2}]}},"attrs":[{"fill":"rgb(255, 255, 255)"},{"fill":"rgb(0, 0, 0)"},{"fill":"rgb(255, 255, 255)"}],"properties":{"order":6,"id":1,"name":"Circle","prevSize":32,"code":59648,"codes":[59648,59649,59650]},"setIdx":0,"setId":2,"iconIdx":0},{"icon":{"paths":["M0 0h1024v1024h-1024v-1024z","M512 40.96c11.311 0 20.48 9.169 20.48 20.48v942.080c0 11.311-9.169 20.48-20.48 20.48s-20.48-9.169-20.48-20.48v-942.080c0-11.311 9.169-20.48 20.48-20.48z","M508.7 0l28.964 28.963-202.742 202.741c-7.998 7.998-20.965 7.998-28.964 0v0c-7.997-7.997-7.997-20.965 0-28.963l202.742-202.742z","M481.28 28.963l28.963-28.963 202.742 202.742c7.998 7.997 7.998 20.965 0 28.963v0c-7.997 7.998-20.965 7.998-28.963 0l-202.742-202.741z"],"attrs":[{"fill":"rgb(255, 255, 255)"},{"fill":"rgb(0, 0, 0)"},{"fill":"rgb(19, 19, 19)"},{"fill":"rgb(19, 19, 19)"}],"isMulticolor":true,"isMulticolor2":false,"grid":0,"tags":["Arrow"],"colorPermutations":{"119191912552552551":[{"f":2},{"f":0},{"f":1},{"f":1}]}},"attrs":[{"fill":"rgb(255, 255, 255)"},{"fill":"rgb(0, 0, 0)"},{"fill":"rgb(19, 19, 19)"},{"fill":"rgb(19, 19, 19)"}],"properties":{"order":7,"id":0,"name":"Arrow","prevSize":32,"code":59651,"codes":[59651,59652,59653,59654]},"setIdx":0,"setId":2,"iconIdx":1}],"height":1024,"metadata":{"name":"icomoon"},"preferences":{"showGlyphs":true,"showQuickUse":true,"showQuickUse2":true,"showSVGs":true,"fontPref":{"prefix":"icon-","metadata":{"fontFamily":"icomoon"},"metrics":{"emSize":1024,"baseline":6.25,"whitespace":50},"embed":false},"imagePref":{"prefix":"icon-","png":true,"useClassSelector":true,"color":0,"bgColor":16777215,"classSelector":".icon"},"historySize":50,"showCodes":true,"gridSize":16}}